{"stats":{"minecraft:picked_up":{"minecraft:crafting_table":3,"minecraft:enchanted_book":8,"minecraft:string":17,"minecraft:item_frame":3,"minecraft:iron_shovel":5,"minecraft:cracked_stone_bricks":1,"minecraft:cobbled_deepslate":17,"farmersdelight:straw":4,"minecraft:iron_nugget":1,"minecraft:coal_block":5,"minecraft:sugar_cane":6,"minecraft:chest":1,"minecraft:iron_boots":1,"minecraft:tipped_arrow":6,"minecraft:stick":14,"minecraft:raw_iron":26,"minecraft:brown_terracotta":4,"minecraft:torch":20,"minecraft:acacia_log":8,"tombstone:grave_dust":7,"minecraft:carrot":2,"minecraft:golden_chestplate":1,"minecraft:arrow":29,"minecraft:rotten_flesh":30,"minecraft:hay_block":31,"tombstone:essence_of_undeath":1,"minecraft:gold_ingot":5,"minecraft:white_terracotta":8,"minecraft:obsidian":3,"minecraft:iron_bars":33,"minecraft:cobblestone":83,"minecraft:enchanting_table":1,"minecraft:leather_chestplate":1,"minecraft:glow_ink_sac":5,"minecraft:andesite":55,"minecraft:jungle_log":2,"minecraft:golden_leggings":1,"minecraft:leather":4,"minecraft:red_mushroom":3,"minecraft:flint":3,"minecraft:tuff":2,"minecraft:oak_log":25,"minecraft:golden_boots":1,"minecraft:gunpowder":4,"minecraft:dirt":19,"tombstone:gift":1,"minecraft:leather_boots":1,"minecraft:bone":52,"minecraft:apple":7,"minecraft:stone_bricks":1,"minecraft:kelp":22,"minecraft:bow":2,"minecraft:wheat_seeds":4,"minecraft:raw_gold":8,"minecraft:iron_ingot":16,"minecraft:stone_pickaxe":1,"tombstone:bag_of_seeds":1,"minecraft:mossy_stone_bricks":1,"minecraft:diamond_helmet":1,"minecraft:glass_bottle":2,"minecraft:acacia_sapling":1,"minecraft:iron_sword":4,"minecraft:book":75,"minecraft:gravel":8,"minecraft:sand":12,"minecraft:nether_brick_stairs":2,"minecraft:leather_helmet":1,"minecraft:spider_eye":1,"minecraft:mossy_cobblestone":1,"minecraft:bundle":2,"minecraft:purple_bed":6,"minecraft:slime_ball":6,"weaponmaster:workstation":1,"minecraft:diamond":5,"minecraft:stone_axe":2,"waystones:waystone":4,"minecraft:iron_helmet":1,"minecraft:emerald":8,"minecraft:bread":1,"tombstone:magic_scroll":2,"minecraft:oak_sapling":11,"minecraft:stripped_dark_oak_log":4,"minecraft:coal":24,"minecraft:ender_pearl":1},"minecraft:dropped":{"minecraft:enchanted_book":1,"minecraft:iron_sword":4,"minecraft:wheat_seeds":2,"minecraft:cooked_beef":3,"minecraft:glass_bottle":1,"minecraft:iron_helmet":2,"minecraft:gold_nugget":12,"minecraft:iron_shovel":4,"minecraft:bone":25,"minecraft:stone_axe":2,"minecraft:kelp":22,"minecraft:golden_chestplate":1,"minecraft:oak_planks":18,"minecraft:gunpowder":2,"minecraft:acacia_sapling":1,"minecraft:arrow":5,"minecraft:spider_eye":3,"minecraft:iron_bars":2,"minecraft:stone_pickaxe":2},"minecraft:killed":{"minecraft:cave_spider":2,"minecraft:witch":1,"minecraft:spider":4,"minecraft:skeleton":9,"minecraft:silverfish":21,"minecraft:creeper":1,"minecraft:zombie":30,"minecraft:stray":12,"alexsmobs:mungus":1},"minecraft:mined":{"minecraft:tuff":1,"minecraft:mossy_cobblestone":3,"minecraft:deepslate_diamond_ore":5,"minecraft:obsidian":3,"minecraft:acacia_log":3,"minecraft:grass_block":15,"minecraft:jungle_log":2,"minecraft:coal_block":4,"minecraft:red_mushroom":1,"farmersdelight:red_mushroom_colony":1,"minecraft:spawner":22,"minecraft:hay_block":31,"minecraft:iron_ore":26,"minecraft:fire":16,"minecraft:acacia_stairs":1,"minecraft:andesite":56,"minecraft:pumpkin":1,"treechop:chopped_log":7,"minecraft:nether_brick_stairs":2,"minecraft:enchanting_table":1,"minecraft:bookshelf":24,"minecraft:vine":4,"minecraft:iron_bars":39,"weaponmaster:workstation":1,"minecraft:stone":85,"minecraft:acacia_leaves":6,"minecraft:glass_pane":8,"minecraft:quartz_block":17,"minecraft:stripped_dark_oak_log":4,"minecraft:crafting_table":3,"minecraft:torch":10,"minecraft:emerald_ore":3,"minecraft:melon":1,"minecraft:chest":1,"minecraft:cobblestone":2,"minecraft:tall_grass":4,"minecraft:deepslate_gold_ore":8,"minecraft:sugar_cane":3,"minecraft:wall_torch":7,"minecraft:white_terracotta":8,"minecraft:purple_bed":6,"minecraft:yellow_wool":1,"minecraft:tnt":2,"minecraft:grass":25,"minecraft:coal_ore":24,"minecraft:mycelium":2,"minecraft:gravel":7,"minecraft:sand":13,"minecraft:dirt":3,"minecraft:cobweb":10,"minecraft:brown_terracotta":4,"minecraft:cracked_stone_bricks":3,"minecraft:stone_bricks":1,"minecraft:mossy_stone_bricks":2,"minecraft:oak_leaves":1,"minecraft:deepslate":14},"minecraft:crafted":{"minecraft:oak_planks":100,"minecraft:coal":45,"minecraft:dark_oak_boat":1,"globalxp:xp_block":1,"minecraft:furnace":2,"minecraft:bookshelf":1,"weaponmaster:workstation":1,"minecraft:glass":12,"travelersbackpack:white_sleeping_bag":1,"minecraft:spruce_slab":12,"minecraft:stone_pickaxe":1,"minecraft:chest":2,"weaponmaster:weaponkit":1,"minecraft:dark_oak_planks":16,"ironchest:wood_to_iron_chest_upgrade":1,"minecraft:crafting_table":3,"travelersbackpack:backpack_tank":2,"minecraft:wooden_pickaxe":1,"travelersbackpack:standard":1,"minecraft:gold_block":21,"minecraft:stone_axe":1,"minecraft:air":0,"farmersdelight:cutting_board":1,"minecraft:oak_boat":2,"minecraft:lectern":1,"ironchest:iron_to_gold_chest_upgrade":1,"minecraft:white_wool":3,"minecraft:diamond_pickaxe":1,"minecraft:shield":1,"minecraft:stick":60,"minecraft:iron_ingot":28,"minecraft:iron_pickaxe":1,"minecraft:iron_block":3,"minecraft:stone_sword":1,"minecraft:gold_ingot":23,"minecraft:anvil":1,"minecraft:acacia_planks":32,"minecraft:torch":372,"minecraft:shears":1},"minecraft:custom":{"minecraft:inspect_dropper":1,"minecraft:mob_kills":85,"minecraft:interact_with_crafting_table":40,"minecraft:open_barrel":12,"minecraft:damage_dealt_resisted":360,"minecraft:eat_cake_slice":4,"minecraft:leave_game":1,"minecraft:time_since_death":262252,"minecraft:climb_one_cm":6239,"minecraft:sprint_one_cm":517743,"minecraft:walk_one_cm":713776,"minecraft:damage_blocked_by_shield":530,"minecraft:drop":30,"minecraft:talked_to_villager":2,"minecraft:play_time":262252,"minecraft:sneak_time":4493,"minecraft:walk_under_water_one_cm":20631,"minecraft:boat_one_cm":317284,"minecraft:interact_with_lectern":5,"minecraft:jump":2777,"minecraft:walk_on_water_one_cm":21516,"minecraft:total_world_time":262252,"minecraft:interact_with_furnace":35,"tombstone:raider_killed":1,"minecraft:interact_with_cartography_table":1,"minecraft:sleep_in_bed":12,"minecraft:time_since_rest":46805,"minecraft:waystone_activated":3,"minecraft:damage_taken":4152,"minecraft:damage_absorbed":39,"minecraft:damage_dealt":8036,"minecraft:swim_one_cm":60904,"minecraft:fly_one_cm":422979,"minecraft:open_chest":224,"minecraft:crouch_one_cm":19320,"tombstone:undead_killed":51,"minecraft:interact_with_smoker":3,"minecraft:fall_one_cm":79528,"minecraft:inspect_dispenser":2},"minecraft:used":{"ironchest:wood_to_iron_chest_upgrade":1,"minecraft:enchanting_table":1,"minecraft:stone_sword":14,"minecraft:iron_shovel":27,"minecraft:chest":2,"minecraft:shield":15,"minecraft:white_terracotta":8,"minecraft:iron_sword":191,"weaponmaster:workstation":2,"minecraft:torch":438,"minecraft:dirt":18,"minecraft:brown_terracotta":3,"minecraft:dark_oak_planks":6,"minecraft:jungle_log":2,"minecraft:iron_helmet":1,"minecraft:iron_boots":1,"minecraft:stone_bricks":12,"minecraft:item_frame":1,"farmersdelight:cutting_board":1,"minecraft:bow":9,"minecraft:dark_oak_boat":1,"minecraft:oak_sapling":11,"minecraft:furnace":2,"tombstone:gift":4,"minecraft:acacia_planks":19,"farmersdelight:iron_knife":15,"minecraft:water_bucket":4,"minecraft:mossy_stone_bricks":61,"minecraft:stone_pickaxe":47,"minecraft:ender_pearl":1,"minecraft:wooden_pickaxe":11,"minecraft:cracked_stone_bricks":56,"minecraft:golden_apple":1,"minecraft:crafting_table":6,"minecraft:red_mushroom":3,"weaponmaster:wm_broadswordlarge":4,"waystones:waystone":2,"minecraft:diamond_pickaxe":146,"minecraft:bread":93,"minecraft:iron_pickaxe":156,"ironchest:iron_to_gold_chest_upgrade":1,"globalxp:xp_block":1,"minecraft:stone_axe":87,"minecraft:potion":1,"minecraft:cobblestone":46,"minecraft:purple_bed":6,"minecraft:andesite":27,"minecraft:bucket":5,"minecraft:oak_boat":2,"minecraft:cobweb":8}},"DataVersion":3465}