{"stats":{"minecraft:killed":{"minecraft:sheep":3,"minecraft:cow":4},"minecraft:mined":{"minecraft:grass":1,"minecraft:oak_log":16,"minecraft:tall_grass":3,"minecraft:stone":29,"minecraft:oak_leaves":1,"minecraft:crafting_table":1},"minecraft:picked_up":{"minecraft:crafting_table":1,"minecraft:leather":5,"minecraft:beef":9,"minecraft:oak_log":16,"minecraft:white_wool":3,"minecraft:mutton":4,"minecraft:cobblestone":29},"minecraft:crafted":{"minecraft:stone_sword":1,"minecraft:oak_planks":16,"minecraft:stone_axe":1,"minecraft:crafting_table":1,"minecraft:stick":8,"minecraft:wooden_pickaxe":1,"minecraft:stone_pickaxe":1},"minecraft:used":{"minecraft:stone_axe":19,"minecraft:stone_sword":5,"minecraft:crafting_table":1,"minecraft:stone_pickaxe":12,"minecraft:wooden_pickaxe":17},"minecraft:custom":{"minecraft:time_since_rest":5626,"minecraft:crouch_one_cm":2048,"minecraft:play_time":5626,"minecraft:sprint_one_cm":13326,"minecraft:walk_one_cm":9405,"minecraft:sneak_time":988,"minecraft:mob_kills":7,"minecraft:jump":108,"minecraft:damage_dealt":640,"minecraft:leave_game":1,"minecraft:time_since_death":5626,"minecraft:total_world_time":5626,"minecraft:interact_with_crafting_table":2,"minecraft:fall_one_cm":3042,"minecraft:fly_one_cm":27875}},"DataVersion":3465}