{"stats":{"minecraft:custom":{"minecraft:inspect_dropper":1,"minecraft:mob_kills":6,"minecraft:interact_with_crafting_table":16,"minecraft:open_barrel":6,"minecraft:damage_dealt_resisted":824,"minecraft:eat_cake_slice":2,"minecraft:leave_game":1,"minecraft:time_since_death":14411,"minecraft:climb_one_cm":6223,"minecraft:sprint_one_cm":266272,"minecraft:walk_one_cm":323200,"minecraft:damage_blocked_by_shield":3120,"minecraft:drop":32,"minecraft:talked_to_villager":8,"minecraft:play_time":102722,"minecraft:deaths":6,"minecraft:sneak_time":1072,"minecraft:walk_under_water_one_cm":26994,"minecraft:boat_one_cm":247597,"minecraft:jump":1705,"minecraft:interact_with_blast_furnace":3,"minecraft:walk_on_water_one_cm":28188,"minecraft:total_world_time":102722,"minecraft:interact_with_furnace":17,"minecraft:interact_with_cartography_table":1,"minecraft:interact_with_loom":1,"minecraft:interact_with_grindstone":1,"minecraft:sleep_in_bed":7,"minecraft:waystone_activated":4,"minecraft:time_since_rest":12146,"minecraft:damage_taken":2732,"minecraft:damage_dealt":953,"minecraft:swim_one_cm":38828,"minecraft:fly_one_cm":402318,"minecraft:open_chest":32,"minecraft:crouch_one_cm":3316,"tombstone:undead_killed":1,"minecraft:interact_with_smoker":2,"minecraft:fall_one_cm":45133,"minecraft:inspect_dispenser":1,"minecraft:horse_one_cm":200},"minecraft:used":{"minecraft:trident":1,"minecraft:writable_book":1,"minecraft:iron_shovel":132,"minecraft:poppy":1,"minecraft:chest":1,"minecraft:shield":26,"minecraft:iron_sword":35,"minecraft:iron_chestplate":1,"minecraft:dark_oak_planks":32,"minecraft:bookshelf":2,"minecraft:iron_helmet":1,"minecraft:golden_carrot":1,"minecraft:bow":23,"minecraft:dark_oak_boat":2,"minecraft:gray_bed":1,"tombstone:gift":3,"minecraft:iron_leggings":1,"minecraft:oak_planks":18,"minecraft:wooden_pickaxe":6,"minecraft:crafting_table":7,"minecraft:oak_log":4,"alexsmobs:flying_fish":1,"waystones:waystone":1,"minecraft:wooden_hoe":24,"minecraft:bread":30,"minecraft:iron_pickaxe":57,"minecraft:golden_leggings":1,"minecraft:golden_helmet":1,"minecraft:stone_axe":62,"minecraft:coal_block":1,"minecraft:cobblestone":5,"minecraft:purple_bed":5,"minecraft:turtle_helmet":1,"minecraft:black_candle":1,"minecraft:oak_boat":1,"minecraft:experience_bottle":1},"minecraft:mined":{"minecraft:dark_oak_planks":3,"minecraft:spruce_planks":1,"argentinas_delight:hojasdemate":25,"minecraft:grass_block":47,"minecraft:coal_block":20,"minecraft:kelp":3,"minecraft:hay_block":25,"treechop:chopped_log":5,"argentinas_delight:ramasdematedeyerba":4,"minecraft:bookshelf":5,"argentinas_delight:basedearbolmate":1,"minecraft:stone":10,"minecraft:iron_block":3,"minecraft:kelp_plant":2,"minecraft:crafting_table":1,"minecraft:tall_grass":5,"minecraft:skeleton_skull":3,"minecraft:spruce_stairs":1,"minecraft:purple_bed":6,"minecraft:gray_bed":1,"minecraft:grass":12,"minecraft:coal_ore":23,"minecraft:sand":10,"minecraft:dirt":74,"minecraft:oak_leaves":4},"minecraft:picked_up":{"minecraft:crafting_table":1,"minecraft:turtle_helmet":1,"minecraft:item_frame":3,"minecraft:experience_bottle":1,"minecraft:beef":1,"minecraft:poppy":1,"minecraft:iron_pickaxe":2,"minecraft:coal_block":19,"minecraft:dark_oak_sapling":13,"minecraft:stick":23,"minecraft:copper_ingot":1,"minecraft:porkchop":3,"tombstone:grave_dust":2,"minecraft:trident":2,"minecraft:dark_oak_planks":123,"minecraft:arrow":5,"minecraft:rotten_flesh":1,"farmersdelight:onion":8,"aquaculture:brown_trout":1,"minecraft:hay_block":25,"minecraft:iron_block":3,"minecraft:skeleton_skull":3,"alexsmobs:flying_fish":1,"minecraft:cobblestone":22,"minecraft:leather_chestplate":2,"minecraft:oak_log":20,"minecraft:lantern":2,"tombstone:gift":1,"minecraft:apple":1,"minecraft:kelp":13,"minecraft:iron_ingot":63,"minecraft:gray_bed":1,"minecraft:iron_sword":1,"minecraft:oak_planks":6,"minecraft:book":15,"minecraft:black_candle":1,"argentinas_delight:yerbamate":5,"minecraft:dark_oak_log":15,"alexsmobs:animal_dictionary":1,"minecraft:purple_bed":7,"waystones:waystone":4,"minecraft:emerald":3,"minecraft:bread":3,"tombstone:magic_scroll":1,"minecraft:oak_sapling":7,"minecraft:coal":23},"minecraft:dropped":{"minecraft:iron_ingot":61,"minecraft:bread":3,"minecraft:clay":3,"minecraft:porkchop":3,"minecraft:golden_helmet":1,"minecraft:dark_oak_sapling":13,"minecraft:cobblestone":12,"minecraft:emerald":3,"minecraft:flint":3,"minecraft:cobweb":1,"minecraft:dark_oak_log":2,"minecraft:wooden_hoe":1,"tombstone:grave_dust":1,"minecraft:iron_pickaxe":2,"minecraft:dark_oak_planks":121,"alexsmobs:animal_dictionary":1,"minecraft:oak_planks":12,"minecraft:purple_bed":1,"minecraft:leather_boots":1,"minecraft:golden_leggings":1,"minecraft:oak_sapling":7,"minecraft:spider_eye":2},"minecraft:killed_by":{"minecraft:drowned":5,"alexsmobs:crocodile":1},"minecraft:broken":{"minecraft:shield":1},"minecraft:killed":{"aquaculture:brown_trout":1,"aquaculture:perch":1,"minecraft:drowned":1,"alexsmobs:flying_fish":1,"minecraft:pig":1,"minecraft:cow":1},"minecraft:crafted":{"minecraft:oak_planks":64,"minecraft:dark_oak_boat":2,"minecraft:iron_boots":1,"minecraft:stone_pickaxe":1,"minecraft:chest":1,"minecraft:dark_oak_planks":52,"minecraft:crafting_table":6,"minecraft:wooden_pickaxe":1,"minecraft:iron_helmet":1,"minecraft:stone_axe":1,"minecraft:bread":12,"minecraft:oak_boat":1,"minecraft:iron_chestplate":1,"minecraft:wooden_hoe":1,"minecraft:shield":1,"minecraft:stick":8,"minecraft:iron_ingot":27,"minecraft:iron_leggings":1}},"DataVersion":3465}